<?xml version="1.0" encoding="UTF-8"?>
<configuration>
    <!-- 日志存放路径 -->
    <property name="log.home" value="./logs/" />
    <!-- 日志输出格式 -->
    <property name="log.pattern" value="%d{HH:mm:ss.SSS} [%thread] %-5level %logger{20} - [%method,%line] - %msg%n" />

    <!-- 控制台输出 -->
    <appender name="console" class="ch.qos.logback.core.ConsoleAppender">
        <encoder>
            <pattern>${log.pattern}</pattern>
        </encoder>
    </appender>
    <!-- 按照每天生成日志文件 -->
    <appender name="file_info" class="ch.qos.logback.core.rolling.RollingFileAppender">
        <rollingPolicy class="ch.qos.logback.core.rolling.SizeAndTimeBasedRollingPolicy">
            <!--日志文件输出的文件名 -->
            <FileNamePattern>${log.home}/%d{yyyy-MM-dd}/info-%i.log</FileNamePattern>
            <!--日志文件保留天数 -->
            <MaxHistory>60</MaxHistory>
            <maxFileSize>10MB</maxFileSize>
        </rollingPolicy>
        <encoder class="ch.qos.logback.classic.encoder.PatternLayoutEncoder">
            <pattern>${log.pattern}</pattern>
        </encoder>
        <filter class="ch.qos.logback.classic.filter.LevelFilter">
            <!-- 过滤的级别 -->
            <level>INFO</level>
            <!-- 匹配时的操作：接收（记录） -->
            <onMatch>ACCEPT</onMatch>
            <!-- 不匹配时的操作：拒绝（不记录） -->
            <onMismatch>DENY</onMismatch>
        </filter>
    </appender>
    <appender name="file_error" class="ch.qos.logback.core.rolling.RollingFileAppender">
        <rollingPolicy class="ch.qos.logback.core.rolling.SizeAndTimeBasedRollingPolicy">
            <!--日志文件输出的文件名 -->
            <FileNamePattern>${log.home}/%d{yyyy-MM-dd}/error-%i.log</FileNamePattern>
            <!--日志文件保留天数 -->
            <MaxHistory>60</MaxHistory>
            <maxFileSize>10MB</maxFileSize>
        </rollingPolicy>
        <encoder class="ch.qos.logback.classic.encoder.PatternLayoutEncoder">
            <pattern>${log.pattern}</pattern>
        </encoder>
        <filter class="ch.qos.logback.classic.filter.LevelFilter">
            <!-- 过滤的级别 -->
            <level>ERROR</level>
            <!-- 匹配时的操作：接收（记录） -->
            <onMatch>ACCEPT</onMatch>
            <!-- 不匹配时的操作：拒绝（不记录） -->
            <onMismatch>DENY</onMismatch>
        </filter>
    </appender>
    <appender name="file_error" class="ch.qos.logback.core.rolling.RollingFileAppender">
        <rollingPolicy class="ch.qos.logback.core.rolling.SizeAndTimeBasedRollingPolicy">
            <!--日志文件输出的文件名 -->
            <FileNamePattern>${log.home}/%d{yyyy-MM-dd}/warn-%i.log</FileNamePattern>
            <!--日志文件保留天数 -->
            <MaxHistory>60</MaxHistory>
            <maxFileSize>10MB</maxFileSize>
        </rollingPolicy>
        <encoder class="ch.qos.logback.classic.encoder.PatternLayoutEncoder">
            <pattern>${log.pattern}</pattern>
        </encoder>
        <filter class="ch.qos.logback.classic.filter.LevelFilter">
            <!-- 过滤的级别 -->
            <level>WARN</level>
            <!-- 匹配时的操作：接收（记录） -->
            <onMatch>ACCEPT</onMatch>
            <!-- 不匹配时的操作：拒绝（不记录） -->
            <onMismatch>DENY</onMismatch>
        </filter>
    </appender>
    <root level="info">
        <appender-ref ref="console" />
    </root>
    <!--系统操作日志-->
    <root level="info">
        <appender-ref ref="file_info" />
        <appender-ref ref="file_error" />
    </root>
</configuration>