{
    "pages": [{
        "path": "pages/index",
        "style": {
            "navigationBarTitleText": "Rc-recruitment",
            "navigationStyle": "custom"
        }
    }, {
        "path": "pages/login",
        "style": {
            "navigationBarTitleText": "登录"
        }
    }, {
        "path": "pages/register",
        "style": {
            "navigationBarTitleText": "注册"
        }
    }, {
        "path": "pages/work/index",
        "style": {
            "navigationBarTitleText": "报名"
        }
    }, {
        "path": "pages/mine/index",
        "style": {
            "navigationBarTitleText": "个人中心"
        }
    }, {
        "path": "pages/mine/avatar/index",
        "style": {
            "navigationBarTitleText": "修改头像"
        }
    }, {
        "path": "pages/mine/info/index",
        "style": {
            "navigationBarTitleText": "个人信息"
        }
    }, {
        "path": "pages/mine/info/edit",
        "style": {
            "navigationBarTitleText": "编辑资料"
        }
    }, {
        "path": "pages/mine/pwd/index",
        "style": {
            "navigationBarTitleText": "修改密码"
        }
    }, {
        "path": "pages/mine/help/index",
        "style": {
            "navigationBarTitleText": "常见问题"
        }
    }, {
        "path": "pages/mine/about/index",
        "style": {
            "navigationBarTitleText": "关于我们"
        }
    }, {
        "path": "pages/common/webview/index",
        "style": {
            "navigationBarTitleText": "浏览网页"
        }
    }, {
        "path": "pages/common/textview/index",
        "style": {
            "navigationBarTitleText": "浏览文本"
        }
    }, {
        "path": "pages/loginByCode",
        "style": {
            "navigationBarTitleText": "验证码登录"
        }
    }, {
        "path": "pages/forgetPwd",
        "style": {
            "navigationBarTitleText": "忘记密码"
        }
    } ,{
        "path" : "pages/mine/signup/signUpRecord",
        "style": {
            "navigationBarTitleText": "报名记录"
        }
    },{
        "path" : "pages/mine/signup/signUpDetail",
        "style": {
            "navigationBarTitleText": "报名详情"
        }
    },{
        "path" : "pages/mine/consulting/index",
        "style": {
            "navigationBarTitleText": "咨询记录"
        }
    },{
        "path": "pages/work/index",
        "style": {
            "navigationBarTitleText": "报名表"
        }
    },{
        "path": "pages/activity/index",
        "style": {
            "navigationBarTitleText": "活动中心"
        }
    },{
        "path": "pages/activity/detail",
        "style": {
            "navigationBarTitleText": "活动详情"
        }
    }],
    "tabBar": {
        "color": "#707070",
        "selectedColor": "#51c4c7",
        "borderStyle": "black",
        "backgroundColor": "#ffffff",
        "fontSize": "25rpx",
        "iconWidth": "50rpx",
        "height": "110rpx",
        "list": [{
            "pagePath": "pages/index",
            "iconPath": "static/images/tabbar/home.png",
            "selectedIconPath": "static/images/tabbar/home_.png",
            "text": "首页"
        }, {
            "pagePath": "pages/mine/index",
            "iconPath": "static/images/tabbar/mine.png",
            "selectedIconPath": "static/images/tabbar/mine_.png",
            "text": "我的"
        }]
    },
    "globalStyle": {
        "navigationBarTextStyle": "black",
        "navigationBarTitleText": "软件创新实验室",
        "navigationBarBackgroundColor": "#FFFFFF",
        "navigationStyle": "custom"
    }
}
